"Area_Id","Area_erpid","Area_Name","Status","Distributor_Id","Distributor_Name","Distributor_Erp_ID","Distributor_Status","Zone_ID","Zone","Subzone","Count_of_Outlets"
"1","QP","Qunova Technologies - Pune","Active","1","Qunova Technologies Private Limited","Q-1","active","1","WEST","Maharastra","17"
"2","","Test area","Active","12","test dist child","0","active","3","Test","Test- subzone","8"
"3","","Qunova Kharadi Warehouse - Pune","Active","1","Qunova Technologies Private Limited","Q-1","active","1","WEST","Maharastra","1181"
"4","","Sonigra Kasturi Chowk Warehouse - Pune","Active","19","Sonigra","0","Inactive","1","WEST","Maharastra",""
"5","","Dhyaani Landmark Warehouse, Pune","Active","20","Dhyaani Pharma Pvt. Ltd","0","active","1","WEST","Maharastra",""
"6","","SVS Beauty_Area","Active","22","SVS Beauty","0","active","1","WEST","Maharastra",""
"7","","Blue Eye Beverages_Area","Active","31","Blue Eye Beverages","0","active","1","WEST","Maharastra",""
"8","","Vasant Agencies_Area","Active","23","Vasant Agencies","0","active","1","WEST","Maharastra",""
"9","","New Ambaji Treading Co.Nashik_Area","Active","65","New Ambaji Treading Co.Nashik","0","active","1","WEST","Maharastra",""
"10","","Test - Distributor_Area","Active","11","Test - Distributor","0","active","3","Test","Test- subzone","2"
"11","","test dist child_Area","Active","12","test dist child","0","active","3","Test","Test- subzone",""
"12","","Sonigra_Area","Active","19","Sonigra","0","Inactive","1","WEST","Maharastra",""
"13","","Dhyaani Pharma Pvt. Ltd_Area","Active","20","Dhyaani Pharma Pvt. Ltd","0","active","1","WEST","Maharastra",""
"14","","Amrapali_Area","Active","24","Amrapali","0","active","1","WEST","Maharastra",""
"15","","Akshay_Area","Active","25","Akshay","0","active","1","WEST","Maharastra",""
"16","","Tushar Traders_Area","Active","26","Tushar Traders","0","active","1","WEST","Maharastra",""
"17","","Par Excellence_Area","Active","27","Par Excellence","0","active","1","WEST","Maharastra",""
"18","","The Blue Micky_Area","Active","28","The Blue Micky","0","active","1","WEST","Maharastra",""
"19","","Evergreen Gen_Area","Active","29","Evergreen Gen","0","active","1","WEST","Maharastra",""
"20","","New Ambaji_Area","Active","30","New Ambaji","0","active","1","WEST","Maharastra",""
"21","","Velly Agencies_Area","Active","32","Velly Agencies","0","active","1","WEST","Maharastra",""
"22","","S.K.Pharma_Area","Active","34","S.K.Pharma","0","active","1","WEST","Maharastra",""
"23","","Tanvi Agencies_Area","Active","35","Tanvi Agencies","0","active","1","WEST","Maharastra","574"
"24","","Navkar Apotek LLP_Area","Active","36","Navkar Apotek LLP","0","active","1","WEST","Maharastra","876"
"25","","N.Munot & Traders_Area","Active","37","N.Munot & Traders","0","active","1","WEST","Maharastra","1171"
"26","","Namrata Enterprises_Area","Active","38","Namrata Enterprises","0","active","1","WEST","Maharastra",""
"27","","S.K.& Sons_Area","Active","39","S.K.& Sons","0","active","1","WEST","Maharastra","58"
"28","","Shree Yash Pharma_Area","Active","40","Shree Yash Pharma","0","active","1","WEST","Maharastra",""
"29","","Thakurji Trading Co_Area","Active","41","Thakurji Trading Co","0","active","1","WEST","Maharastra","209"
"30","","Sanvitu Associates_Area","Active","42","Sen vittu Associates","0","active","1","WEST","Goa","315"
"31","","Raskar Pharma_Area","Active","43","Raskar Pharma","0","active","1","WEST","Maharastra","299"
"32","","Priyanka Agencies_Area","Active","44","Priyanka Agencies","0","active","1","WEST","Goa",""
"33","","V.P.Medicos_Area","Active","45","V.P.Medicos","0","active","1","WEST","Maharastra",""
"34","","Chaitanya Marketing_Area","Active","46","Chaitanya Marketing","0","Inactive","1","WEST","Maharastra",""
"35","","Akanksha Medical_Area","Active","47","Akanksha Medical","0","active","1","WEST","Maharastra",""
"36","","Sai Prasad_Area","Active","48","Sai Prasad","0","active","1","WEST","Maharastra","1187"
"37","","Shri Samarth and Companey_Area","Active","49","Shri Samarth and Company","0","active","1","WEST","Maharastra","1583"
"38","","Niramay Pharma_Area","Active","50","Niramay Pharma","0","active","1","WEST","Maharastra","2"
"39","","Om Marketing_Area","Active","51","Om Marketing","0","active","1","WEST","Maharastra","1"
"40","","Aditya Enterprises_Area","Active","52","Aditya Enterprises","0","Inactive","1","WEST","Maharastra",""
"41","","Bridge Medi Sales_Area","Active","53","Bridge Medi Sales","0","active","1","WEST","Maharastra",""
"42","","GMV Pharma_Area","Active","54","GMV Pharma","0","active","1","WEST","Maharastra",""
"43","","Atharva Age_Area","Active","55","Atharva Agency","0","active","1","WEST","Maharastra","2543"
"44","","Shri Mahalaxmi Agencies_Area","Active","56","Shri Mahalaxmi Agencies","0","active","1","WEST","Maharastra","139"
"45","","Sai Plus Pharma_Area","Active","57","Sai Plus Pharma","0","active","1","WEST","Maharastra","39"
"46","","Kavya Enterprises_Area","Active","58","Kavya Enterprises","0","active","1","WEST","Maharastra","20"
"47","","Rote Agencies_Area","Active","59","Rote Agencies","0","active","1","WEST","Maharastra","103"
"48","","Morya Distributor_Area","Active","60","Morya Distributor","0","active","1","WEST","Maharastra","74"
"49","","Hari Om Enterprises_Area","Active","61","Hari Om Enterprises","0","active","1","WEST","Maharastra","134"
"50","","Omkar Medical & Cosmetics_Area","Active","62","Omkar Medical & Cosmetics","0","active","1","WEST","Maharastra",""
"51","","Charak Agencies_Area","Active","63","Charak Agencies","0","active","1","WEST","Maharastra","1"
"52","","PIUS AGENCY_Area","Active","64","PIUS AGENCY","0","active","1","WEST","Maharastra",""
"53","","Vasudha Enterprises_Pune_Area","Active","21","Vasudha Enterprises","0","active","1","WEST","Maharastra","3"
"54","","Chaitanya Marketing_Nasik_Area","Active","82","Chaitanya Marketing","0","active","1","WEST","Maharastra","366"
"55","","Siddhant Marketing_Kolhapur_Area","Active","84","Siddhant Marketing","0","active","1","WEST","Maharastra","1"
"56","","Arihant Marketing_Solapur_Area","Active","83","Arihant Marketing","0","active","1","WEST","Maharastra","1777"
"57","","Rajlakshmi Pharma_Area","Active","77","Rajlakshmi Pharma","0","active","1","WEST","Maharastra","2684"
"58","","Suraj Cosmetics_Area","Active","68","Suraj Cosmetics","0","active","1","WEST","Maharastra",""
"59","","Rishikesh Agencies_Area","Active","69","Rishikesh Agencies","0","active","1","WEST","Maharastra","44"
"60","","Riddhi Agencies_Area","Active","70","Riddhi Agencies","0","active","1","WEST","Maharastra","13"
"61","","Anand Medical_Area","Active","71","Anand Medical","0","active","1","WEST","Maharastra","30"
"62","","Trimurti Pharma_Area","Active","72","Trimurti Pharma","0","active","1","WEST","Maharastra","17"
"63","","Anandi Sales_Area","Active","73","Anandi Sales","0","active","1","WEST","Maharastra","55"
"64","","Ashok Agencies_Area","Active","74","Ashok Agencies","0","active","1","WEST","Maharastra",""
"65","","Saurabh Marketing_Area","Active","75","Saurabh Marketing","0","active","1","WEST","Maharastra","5"
"66","","Om Generic_Area","Active","76","Om Generic","0","active","1","WEST","Maharastra","21"
"67","","Bharat Enterprises_Area","Active","78","Bharat Enterprises","0","active","1","WEST","Maharastra","143"
"68","","Kalika_Area","Active","79","Kalika","0","active","1","WEST","Maharastra","1195"
"69","","Vitthala Surgical and Pharma_Area","Active","87","Vitthala Surgical and Pharma","0","active","1","WEST","Maharastra","7"
"70","","Gargi Enterprises_Area","Active","80","Gargi Enterprises","0","active","1","WEST","Maharastra",""
"71","","Anand Distributor Ahamadnagar_Area","Active","86","Anand Distributor Ahamadnagar","0","active","1","WEST","Maharastra",""
"72","","Matoshree Distributor_Area","Active","85","Matoshree Distributor","0","active","1","WEST","Maharastra",""
"73","","Amol Surgical_Area","Active","88","Amol Surgical","0","active","1","WEST","Maharastra",""
"74","","Tirupati Stores_Area","Active","89","Tirupati Stores","0","active","1","WEST","Maharastra",""
"75","","Unibic food india private limited_Area","Active","90","Unibic Foods India Private Limited","0","active","1","WEST","Maharastra",""
"76","","Shree Vinayak Agencies_Area","Active","91","Shree Vinayak Agencies","0","active","1","WEST","Maharastra",""
"77","","DHANORI-TOP","Active","21","Vasudha Enterprises","0","active","1","WEST","Maharastra","14"
"78","","HADAPSAR","Active","21","Vasudha Enterprises","0","active","1","WEST","Maharastra","8"
"79","","KHARADI","Active","21","Vasudha Enterprises","0","active","1","WEST","Maharastra","2"
"80","","KHARADI-TOP","Active","21","Vasudha Enterprises","0","active","1","WEST","Maharastra","21"
"81","","KONDHWA 2-TOP","Active","21","Vasudha Enterprises","0","active","1","WEST","Maharastra","47"
"82","","New Wagholi","Active","21","Vasudha Enterprises","0","active","1","WEST","Maharastra","3"
"83","","New Wagholi-TOP","Active","21","Vasudha Enterprises","0","active","1","WEST","Maharastra","26"
"84","","RMT Dhanori, Viman Nagar-TOP","Active","21","Vasudha Enterprises","0","active","1","WEST","Maharastra","25"
"85","","RMT Khardi, Vadgaon Sheri-TOP","Active","21","Vasudha Enterprises","0","active","1","WEST","Maharastra","12"
"86","","RMT Lohegaon, Wagholi","Active","21","Vasudha Enterprises","0","active","1","WEST","Maharastra","2"
"87","","RMT Lohegaon, Wagholi-TOP","Active","21","Vasudha Enterprises","0","active","1","WEST","Maharastra","29"
"88","","RMT MagarPatta, Fursungi-TOP","Active","21","Vasudha Enterprises","0","active","1","WEST","Maharastra","43"
"89","","Vadgaon Sheri-NEW","Active","21","Vasudha Enterprises","0","active","1","WEST","Maharastra","2"
"90","","Vadgaon Sheri-NEW-TOP","Active","21","Vasudha Enterprises","0","active","1","WEST","Maharastra","28"
"91","","Viman Nagar","Active","21","Vasudha Enterprises","0","active","1","WEST","Maharastra","27"
"92","","Viman Nagar-TOP","Active","21","Vasudha Enterprises","0","active","1","WEST","Maharastra","38"
"93","","Narang Plastics Pvt Ltd_Area","Active","18","Narang Plastics Pvt Ltd","0","active","6","SOUTH","Karnataka","8184"
"94","","Phade Medical And General Store_Area","Active","92","Phade Medical & General Store","0","active","1","WEST","Maharastra","150"
"95","","Int_Manufacturer_Area","Active","93","Int_Manufacturer","0","active","7","Integration Zone","Integration Subzone","1"
"96","","Int_SS_Area","Active","94","Int_SS","0","active","7","Integration Zone","Integration Subzone",""
"97","","Int_Distributor_Area","Active","95","Int_Distributor","0","active","7","Integration Zone","Integration Subzone","7"
"98","","Shree Medical Agencies_Area","Active","96","Shree Medical Agencies","0","active","1","WEST","Maharastra","1"
"99","","Anand Pharma, Badami_Area","Active","97","Anand Pharma, Badami","0","active","6","SOUTH","Karnataka","1131"
"100","","Anjani Medical Agency, Malur_Area","Active","98","Anjani Medical Agency, Malur","0","active","6","SOUTH","Karnataka",""
"101","","Ashoka Pharma,Shivamogga_Area","Active","99","Ashoka Pharma,Shivamogga","0","active","6","SOUTH","Karnataka",""
"102","","Ashwini Medicals,Hosadurga_Area","Active","100","Ashwini Medicals,Hosadurga","0","active","6","SOUTH","Karnataka",""
"103","","Balaji Agencies, Chintamani_Area","Active","101","Balaji Agencies, Chintamani","0","active","6","SOUTH","Karnataka","19"
"104","","Benaka Scientifics, Bangalore_Area","Active","102","Benaka Scientifics, Bangalore","0","active","6","SOUTH","Karnataka",""
"105","","Bharath Traders,Kanakapura_Area","Active","103","Bharath Traders,Kanakapura","0","active","6","SOUTH","Karnataka",""
"106","","C.A.S. Agencies, Shidlaghatta_Area","Active","104","C.A.S. Agencies, Shidlaghatta","0","active","6","SOUTH","Karnataka","2"
"107","","Chethana Enterprises,Hassan_Area","Active","105","Chethana Enterprises,Hassan","0","active","6","SOUTH","Karnataka",""
"108","","Choudhari Medical Agencies,Gokak_Area","Active","106","Choudhari Medical Agencies,Gokak","0","active","6","SOUTH","Karnataka","6"
"109","","Chowdeshwari Enterprises, Sagara_Area","Active","107","Chowdeshwari Enterprises, Sagara","0","active","6","SOUTH","Karnataka","1"
"110","","D.D & Brothers, Bangalore_Area","Active","108","D.D & Brothers, Bangalore","0","active","6","SOUTH","Karnataka","200"
"111","","Dhanvanthri Agency, Arasikere_Area","Active","109","Dhanvanthri Agency, Arasikere","0","active","6","SOUTH","Karnataka",""
"112","","Dharati Agency, Hubli_Area","Active","110","Dharati Agency, Hubli","0","active","6","SOUTH","Karnataka",""
"113","","D K Agencies, Belaguam_Area","Active","111","D K Agencies, Belaguam","0","active","6","SOUTH","Karnataka",""
"114","","Durga Agencies, Bangalore_Area","Active","112","Durga Agencies, Bangalore","0","active","6","SOUTH","Karnataka",""
"115","","Durgashree Enterprises, Chamrajnagar_Area","Active","113","Durgashree Enterprises, Chamrajnagar","0","active","6","SOUTH","Karnataka",""
"116","","Ganesh General Store,Bidar_Area","Active","114","Ganesh General Store,Bidar","0","active","6","SOUTH","Karnataka",""
"117","","Giri Medicals, K R Nagar_Area","Active","115","Giri Medicals, K R Nagar","0","active","6","SOUTH","Karnataka",""
"118","","Girnar Pharma, Belgaum_Area","Active","116","Girnar Pharma, Belgaum","0","active","6","SOUTH","Karnataka","79"
"119","","Gowri Medicals, K R Nagar_Area","Active","117","Gowri Medicals, K R Nagar","0","active","6","SOUTH","Karnataka",""
"120","","Gupta's Kshanambika Pharma,Mysore_Area","Active","118","Gupta's Kshanambika Pharma,Mysore","0","active","6","SOUTH","Karnataka",""
"121","","Gupta Pharma, Mysore_Area","Active","119","Gupta Pharma, Mysore","0","active","6","SOUTH","Karnataka",""
"122","","H.K.S. Enterprises, Kalaburgi_Area","Active","120","H.K.S. Enterprises, Kalaburgi","0","active","6","SOUTH","Karnataka","1642"
"123","","H M S Stationary Stores, Byadgi_Area","Active","121","H M S Stationary Stores, Byadgi","0","active","6","SOUTH","Karnataka",""
"124","","Karnataka Enterprises, Hubli_Area","Active","122","Karnataka Enterprises, Hubli","0","active","6","SOUTH","Karnataka",""
"125","","Karthik Agencies,Kundapur_Area","Active","123","Karthik Agencies,Kundapur","0","active","6","SOUTH","Karnataka","23"
"126","","Kavita Fancy Store, Manvi_Area","Active","124","Kavita Fancy Store, Manvi","0","active","6","SOUTH","Karnataka","33"
"127","","K M K Pharma & Agency,Hospet_Area","Active","125","K M K Pharma & Agency,Hospet","0","active","6","SOUTH","Karnataka",""
"128","","K P Associates,Mangalore_Area","Active","126","K P Associates,Mangalore","0","active","6","SOUTH","Karnataka","110"
"129","","Lisa Traders,Bangalore_Area","Active","127","Lisa Traders,Bangalore","0","active","6","SOUTH","Karnataka",""
"130","","Mahalakshmi Enterprises, Bangalore_Area","Active","128","Mahalakshmi Enterprises, Bangalore","0","active","6","SOUTH","Karnataka","1083"
"131","","Mahant Pharma, Ramdurg_Area","Active","129","Mahant Pharma, Ramdurg","0","active","6","SOUTH","Karnataka","4"
"132","","Mahaveer Enterprises, Sindhanur_Area","Active","130","Mahaveer Enterprises, Sindhanur","0","active","6","SOUTH","Karnataka",""
"133","","Mahesh Pharma,Doddaballapur_Area","Active","131","Mahesh Pharma,Doddaballapur","0","active","6","SOUTH","Karnataka",""
"134","","Manjushree Enterprises, Shikaripura_Area","Active","132","Manjushree Enterprises, Shikaripura","0","active","6","SOUTH","Karnataka",""
"135","","Mayur Cosmetic, Bangalore_Area","Active","133","Mayur Cosmetic, Bangalore","0","active","6","SOUTH","Karnataka","16"
"136","","Medi Pluss Pharma,Shivamogga_Area","Active","134","Medi Pluss Pharma,Shivamogga","0","active","6","SOUTH","Karnataka",""
"137","","Meenakshi Marketing,Bangalore_Area","Active","135","Meenakshi Marketing,Bangalore","0","active","6","SOUTH","Karnataka",""
"138","","M H Distributor,Channapatna_Area","Active","136","M H Distributor,Channapatna","0","active","6","SOUTH","Karnataka","1269"
"139","","Muthu Meena Medicals, Hassan_Area","Active","137","Muthu Meena Medicals, Hassan","0","active","6","SOUTH","Karnataka",""
"140","","Nagakrupa Distributors, Tumkur_Area","Active","138","Nagakrupa Distributors, Tumkur","0","active","6","SOUTH","Karnataka",""
"141","","Nayak Medicals & General Stores,Honnavar_Area","Active","139","Nayak Medicals & General Stores,Honnavar","0","active","6","SOUTH","Karnataka","19"
"142","","Nimishamba Enterprises, Mysore_Area","Active","140","Nimishamba Enterprises, Mysore","0","active","6","SOUTH","Karnataka",""
"143","","Niriksha Enterprises, Ramanagar_Area","Active","141","Niriksha Enterprises, Ramanagar","0","active","6","SOUTH","Karnataka",""
"144","","Parvathi Agencies,Bailahongala_Area","Active","142","Parvathi Agencies,Bailahongala","0","active","6","SOUTH","Karnataka",""
"145","","Pharma Guides, Chikamagalur_Area","Active","143","Pharma Guides, Chikamagalur","0","active","6","SOUTH","Karnataka",""
"146","","Preeti Pharma, Vijayapura_Area","Active","144","Preeti Pharma, Vijayapura","0","active","6","SOUTH","Karnataka",""
"147","","Prerana Medical Agency(New),Kumta_Area","Active","145","Prerana Medical Agency(New),Kumta","0","active","6","SOUTH","Karnataka","23"
"148","","Prerana Medicals Agencies,Kumta_Area","Active","146","Prerana Medicals Agencies,Kumta","0","active","6","SOUTH","Karnataka",""
"149","","Priya Medical Agencies, Kampli_Area","Active","147","Priya Medical Agencies, Kampli","0","active","6","SOUTH","Karnataka",""
"150","","Raju Pharma, Hospet_Area","Active","148","Raju Pharma, Hospet","0","active","6","SOUTH","Karnataka",""
"151","","Ramesh Enterprises, Mudhol_Area","Active","149","Ramesh Enterprises, Mudhol","0","active","6","SOUTH","Karnataka","2"
"152","","Ravi Pharma, Mandya_Area","Active","150","Ravi Pharma, Mandya","0","active","6","SOUTH","Karnataka",""
"153","","Renuka Pharma,Hoskote_Area","Active","151","Renuka Pharma,Hoskote","0","active","6","SOUTH","Karnataka",""
"154","","Rohit Shopee, Belaguam_Area","Active","152","Rohit Shopee, Belaguam","0","active","6","SOUTH","Karnataka","61"
"155","","Sagar Sales,Bangalore_Area","Active","153","Sagar Sales,Bangalore","0","active","6","SOUTH","Karnataka",""
"156","","Sai Pharmaceutical Distributors, Yadgiri_Area","Active","154","Sai Pharmaceutical Distributors, Yadgiri","0","active","6","SOUTH","Karnataka",""
"157","","S.A.J. Enterprises, Mangalore_Area","Active","155","S.A.J. Enterprises, Mangalore","0","active","6","SOUTH","Karnataka","207"
"158","","Samantri Enterprises, Ranebennur_Area","Active","156","Samantri Enterprises, Ranebennur","0","active","6","SOUTH","Karnataka",""
"159","","Samarth Drug House, Gadag_Area","Active","157","Samarth Drug House, Gadag","0","active","6","SOUTH","Karnataka",""
"160","","Sangameshwar Distributors,Bidar_Area","Active","158","Sangameshwar Distributors,Bidar","0","active","6","SOUTH","Karnataka",""
"161","","Sanjeevani Medical & General Store,Mannekhalli_Area","Active","159","Sanjeevani Medical & General Store,Mannekhalli","0","active","6","SOUTH","Karnataka",""
"162","","Santhosh Pharma, Badami_Area","Active","160","Santhosh Pharma, Badami","0","active","6","SOUTH","Karnataka","1"
"163","","Savalagi Pharma, Bijapur_Area","Active","161","Savalagi Pharma, Bijapur","0","active","6","SOUTH","Karnataka",""
"164","","Shivani Pharma,Sindhanur_Area","Active","162","Shivani Pharma,Sindhanur","0","active","6","SOUTH","Karnataka",""
"165","","Shree Adishakti Traders, Bijapur_Area","Active","163","Shree Adishakti Traders, Bijapur","0","active","6","SOUTH","Karnataka","4"
"166","","Shree Dhanya Enterprises, Nelamangala_Area","Active","164","Shree Dhanya Enterprises, Nelamangala","0","active","6","SOUTH","Karnataka",""
"167","","Shree Pooja  & Co, Raichur_Area","Active","165","Shree Pooja  & Co, Raichur","0","active","6","SOUTH","Karnataka",""
"168","","Shree Rama Stores, Yellapur_Area","Active","166","Shree Rama Stores, Yellapur","0","active","6","SOUTH","Karnataka",""
"169","","Shree Sathyaa Shri Traders, Bangalore_Area","Active","167","Shree Sathyaa Shri Traders, Bangalore","0","active","6","SOUTH","Karnataka",""
"170","","Shri Chinchalibasaveshwara Enterprises, Haveri_Area","Active","168","Shri Chinchalibasaveshwara Enterprises, Haveri","0","active","6","SOUTH","Karnataka",""
"171","","Shri Gajanan Drugs Distributors, Bijapur_Area","Active","169","Shri Gajanan Drugs Distributors, Bijapur","0","active","6","SOUTH","Karnataka",""
"172","","Shri Kalmeshwar Medical, Jamakhandi_Area","Active","170","Shri Kalmeshwar Medical, Jamakhandi","0","active","6","SOUTH","Karnataka",""
"173","","Shri Laxmi Medical Agencies,Sirsi_Area","Active","171","Shri Laxmi Medical Agencies,Sirsi","0","active","6","SOUTH","Karnataka",""
"174","","Shri Someshwar Drug House, Bagalkot_Area","Active","172","Shri Someshwar Drug House, Bagalkot","0","active","6","SOUTH","Karnataka","5"
"175","","Shri Vasavambha Agency,Honnali_Area","Active","173","Shri Vasavambha Agency,Honnali","0","active","6","SOUTH","Karnataka",""
"176","","Shri Zawar Sales Corporation,Gokak_Area","Active","174","Shri Zawar Sales Corporation,Gokak","0","active","6","SOUTH","Karnataka","2"
"177","","SIddeshwara Pharma Distributors, Hospet_Area","Active","175","SIddeshwara Pharma Distributors, Hospet","0","active","6","SOUTH","Karnataka",""
"178","","Sindhu Enterprises, Kollegal_Area","Active","176","Sindhu Enterprises, Kollegal","0","active","6","SOUTH","Karnataka",""
"179","","S Kumar Pharma,Hiriyur_Area","Active","177","S Kumar Pharma,Hiriyur","0","active","6","SOUTH","Karnataka",""
"180","","S L N Enterprises,Bhadravathi_Area","Active","178","S L N Enterprises,Bhadravathi","0","active","6","SOUTH","Karnataka",""
"181","","SLVM Enterprises,Bangalore_Area","Active","179","SLVM Enterprises,Bangalore","0","active","6","SOUTH","Karnataka","219"
"182","","Somshudha Trading Co,Belgaum_Area","Active","180","Somshudha Trading Co,Belgaum","0","active","6","SOUTH","Karnataka",""
"183","","Sourabha Enterprises, Bangalore_Area","Active","181","Sourabha Enterprises, Bangalore","0","active","6","SOUTH","Karnataka","136"
"184","","Sowkya Agencies, Tumkur_Area","Active","182","Sowkya Agencies, Tumkur","0","active","6","SOUTH","Karnataka",""
"185","","Sree Vigneshwara Agencies,Bhadravathi_Area","Active","183","Sree Vigneshwara Agencies,Bhadravathi","0","active","6","SOUTH","Karnataka",""
"186","","Sri Anjanadri Enterprises, Bangalore_Area","Active","184","Sri Anjanadri Enterprises, Bangalore","0","active","6","SOUTH","Karnataka",""
"187","","Sri Balaji Distributors, Chitradurga_Area","Active","185","Sri Balaji Distributors, Chitradurga","0","active","6","SOUTH","Karnataka",""
"188","","Sri Basaveshwara Agencies, T Narasipura_Area","Active","186","Sri Basaveshwara Agencies, T Narasipura","0","active","6","SOUTH","Karnataka",""
"189","","Sri Beereshwara Enterprises, Bangalore_Area","Active","187","Sri Beereshwara Enterprises, Bangalore","0","active","6","SOUTH","Karnataka",""
"190","","Sri Bhairava Drug House, Tumkur_Area","Active","188","Sri Bhairava Drug House, Tumkur","0","active","6","SOUTH","Karnataka",""
"191","","Sri Durga Stores,Devanahalli_Area","Active","189","Sri Durga Stores,Devanahalli","0","active","6","SOUTH","Karnataka",""
"192","","Sri Gajanana Enterprises, Hoskote_Area","Active","190","Sri Gajanana Enterprises, Hoskote","0","active","6","SOUTH","Karnataka",""
"193","","Sri Lakshmi Enterprises, Mulabagilu_Area","Active","191","Sri Lakshmi Enterprises, Mulabagilu","0","active","6","SOUTH","Karnataka","5"
"194","","Sri Mangala Agencies, Puthur_Area","Active","192","Sri Mangala Agencies, Puthur","0","active","6","SOUTH","Karnataka","22"
"195","","Sri Maruthi Enterprises, Shivamogga_Area","Active","193","Sri Maruthi Enterprises, Shivamogga","0","active","6","SOUTH","Karnataka",""
"196","","Sri Murahari Agencies, Bellary_Area","Active","194","Sri Murahari Agencies, Bellary","0","active","6","SOUTH","Karnataka",""
"197","","Srinivas Medilink, Bidar_Area","Active","195","Srinivas Medilink, Bidar","0","active","6","SOUTH","Karnataka","4"
"198","","Sri Raghavendra Enterprises, Jamkhandi_Area","Active","196","Sri Raghavendra Enterprises, Jamkhandi","0","active","6","SOUTH","Karnataka","8"
"199","","Sri Raghavendra Enterprises,Manvi_Area","Active","197","Sri Raghavendra Enterprises,Manvi","0","active","6","SOUTH","Karnataka",""
"200","","Sri Rameshwara Pharma,Arasikere_Area","Active","198","Sri Rameshwara Pharma,Arasikere","0","active","6","SOUTH","Karnataka",""
"201","","Sri Sai Enterprises(New),Shivamogga_Area","Active","199","Sri Sai Enterprises(New),Shivamogga","0","active","6","SOUTH","Karnataka",""
"202","","Sri Sai Enterprises,Shivamogga_Area","Active","200","Sri Sai Enterprises,Shivamogga","0","active","6","SOUTH","Karnataka",""
"203","","Sri Sapthagiri Enterprises,Gonikoppa_Area","Active","201","Sri Sapthagiri Enterprises,Gonikoppa","0","active","6","SOUTH","Karnataka",""
"204","","Sri Shivashakthi Medicals & GL Store,Channagiri_Area","Active","202","Sri Shivashakthi Medicals & GL Store,Channagiri","0","active","6","SOUTH","Karnataka",""
"205","","Sri Vari Marketing, Chitradurga_Area","Active","203","Sri Vari Marketing, Chitradurga","0","active","6","SOUTH","Karnataka",""
"206","","Sri Venkateshwara Agency, Bangalore_Area","Active","204","Sri Venkateshwara Agency, Bangalore","0","active","6","SOUTH","Karnataka","87"
"207","","Sri Venkateshwara Medical Distributors, Kolar_Area","Active","205","Sri Venkateshwara Medical Distributors, Kolar","0","active","6","SOUTH","Karnataka",""
"208","","S R N Pharma & Surgical,Shikaripura_Area","Active","206","S R N Pharma & Surgical,Shikaripura","0","active","6","SOUTH","Karnataka",""
"209","","Suba Pharmages, Hubli_Area","Active","207","Suba Pharmages, Hubli","0","active","6","SOUTH","Karnataka",""
"210","","Sun Health Needs,Bangalore_Area","Active","208","Sun Health Needs,Bangalore","0","active","6","SOUTH","Karnataka",""
"211","","Supreme Pharmaceutical Distributors, Mannekhalli_Area","Active","209","Supreme Pharmaceutical Distributors, Mannekhalli","0","active","6","SOUTH","Karnataka",""
"212","","Suresh Agency, Ilkal_Area","Active","210","Suresh Agency, Ilkal","0","active","6","SOUTH","Karnataka","1"
"213","","Susheel Medical & Surgical Distributors,Nipani_Area","Active","211","Susheel Medical & Surgical Distributors,Nipani","0","active","6","SOUTH","Karnataka",""
"214","","Suvarna Enterprises, Udupi_Area","Active","212","Suvarna Enterprises, Udupi","0","active","6","SOUTH","Karnataka",""
"215","","Swastik Pharma Bannanje,Udupi_Area","Active","213","Swastik Pharma Bannanje,Udupi","0","active","6","SOUTH","Karnataka","1"
"216","","Tarun Medical Agencies, Dharwad_Area","Active","214","Tarun Medical Agencies, Dharwad","0","active","6","SOUTH","Karnataka",""
"217","","Udaya Medical Stores, Shahapur_Area","Active","215","Udaya Medical Stores, Shahapur","0","active","6","SOUTH","Karnataka",""
"218","","Universal Pharma,Mysore_Area","Active","216","Universal Pharma,Mysore","0","active","6","SOUTH","Karnataka",""
"219","","Varun Pharma,Kanakapura_Area","Active","217","Varun Pharma,Kanakapura","0","active","6","SOUTH","Karnataka",""
"220","","Vet & Pet Pharma,Sagara_Area","Active","218","Vet & Pet Pharma,Sagara","0","active","6","SOUTH","Karnataka",""
"221","","SRVS Agency, Cuddalore_Area","Active","249","SRVS Agency, Cuddalore","0","active","6","SOUTH","Tamilnadu",""
"222","","Shree Arihant Enterprises, Chennai_Area","Active","250","Shree Arihant Enterprises, Chennai","0","active","6","SOUTH","Tamilnadu",""
"223","","B.M.Brothers, Puraswakkam_Area","Active","251","B.M.Brothers, Puraswakkam","0","active","6","SOUTH","Tamilnadu",""
"224","","Radhika  Enterprises, Velachery_Area","Active","252","Radhika  Enterprises, Velachery","0","active","6","SOUTH","Tamilnadu",""
"225","","Mahaveer Agencies, Ramapuram_Area","Active","253","Mahaveer Agencies, Ramapuram","0","active","6","SOUTH","Tamilnadu",""
"226","","Karpagam Medical Agencies, Vanagaram_Area","Active","254","Karpagam Medical Agencies, Vanagaram","0","active","6","SOUTH","Tamilnadu",""
"227","","Muthamizh Mugavanmai, Perambur_Area","Active","255","Muthamizh Mugavanmai, Perambur","0","active","6","SOUTH","Tamilnadu",""
"228","","S P Pharama, Crompet_Area","Active","256","S P Pharama, Crompet","0","active","6","SOUTH","Tamilnadu",""
"229","","D K Enterprises, Ambur_Area","Active","257","D K Enterprises, Ambur","0","active","6","SOUTH","Tamilnadu",""
"230","","Madhu Agencies, Madambakkam_Area","Active","258","Madhu Agencies, Madambakkam","0","active","6","SOUTH","Tamilnadu","1160"
"231","","Sri Durga Enterprises, Manali_Area","Active","259","Sri Durga Enterprises, Manali","0","active","6","SOUTH","Tamilnadu",""
"232","","Sri Chamundeswari Enterprises, Kanchipuram_Area","Active","260","Sri Chamundeswari Enterprises, Kanchipuram","0","active","6","SOUTH","Tamilnadu",""
"233","","S K Agencies, Pammal_Area","Active","261","S K Agencies, Pammal","0","active","6","SOUTH","Tamilnadu",""
"234","","Dharani Agencies, Royapuram_Area","Active","262","Dharani Agencies, Royapuram","0","active","6","SOUTH","Tamilnadu",""
"235","","C G Marketting, Mogappair_Area","Active","263","C G Marketting, Mogappair","0","active","6","SOUTH","Tamilnadu",""
"236","","Selava Vinayagar Agency, Tiruvallur_Area","Active","264","Selava Vinayagar Agency, Tiruvallur","0","active","6","SOUTH","Tamilnadu",""
"237","","Sivaji Agencies, Rangapuram_Area","Active","265","Sivaji Agencies, Rangapuram","0","active","6","SOUTH","Tamilnadu","24"
"238","","Meenakshi Traders, Arcot_Area","Active","266","Meenakshi Traders, Arcot","0","active","6","SOUTH","Tamilnadu","119"
"239","","B.C.R.Agencies, Tiruvannamalai_Area","Active","267","B.C.R.Agencies, Tiruvannamalai","0","active","6","SOUTH","Tamilnadu","12"
"240","","Mohan Medical Agencies, Arani_Area","Active","268","Mohan Medical Agencies, Arani","0","active","6","SOUTH","Tamilnadu","74"
"241","","Sri V P Enterprises, Arakkonam_Area","Active","269","Sri V P Enterprises, Arakkonam","0","active","6","SOUTH","Tamilnadu",""
"242","","Sree Vinayaga Enterprises, Gudiyatham_Area","Active","270","Sree Vinayaga Enterprises, Gudiyatham","0","active","6","SOUTH","Tamilnadu","488"
"243","","Sri Annamalaiyaar Agency, Vaniyampadi_Area","Active","271","Sri Annamalaiyaar Agency, Vaniyampadi","0","active","6","SOUTH","Tamilnadu",""
"244","","Lakshmi Enterprises, Tirupattur_Area","Active","272","Lakshmi Enterprises, Tirupattur","0","active","6","SOUTH","Tamilnadu",""
"245","","Ganapathi Agencies, Alangayam_Area","Active","273","Ganapathi Agencies, Alangayam","0","active","6","SOUTH","Tamilnadu",""
"246","","Shree Krishna Enterprises, Puducherry_Area","Active","274","Shree Krishna Enterprises, Puducherry","0","active","6","SOUTH","Tamilnadu","1348"
"247","","Boys Agencies, Puducherry_Area","Active","275","Boys Agencies, Puducherry","0","active","6","SOUTH","Tamilnadu",""
"248","","Annamalai Disributors, Panruty_Area","Active","276","Annamalai Disributors, Panruty","0","active","6","SOUTH","Tamilnadu",""
"249","","N S K Agencies, Vilupuram_Area","Active","277","N S K Agencies, Vilupuram","0","active","6","SOUTH","Tamilnadu",""
"250","","Raman Traders, Chidambaram_Area","Active","278","Raman Traders, Chidambaram","0","active","6","SOUTH","Tamilnadu",""
"251","","Vijayasri Agencies, Sankarapuram_Area","Active","279","Vijayasri Agencies, Sankarapuram","0","active","6","SOUTH","Tamilnadu","1"
"252","","Global Agencies, Thiyagadurgam_Area","Active","280","Global Agencies, Thiyagadurgam","0","active","6","SOUTH","Tamilnadu","53"
"253","","Sri Devi Agencies, Thirukoilure_Area","Active","281","Sri Devi Agencies, Thirukoilure","0","active","6","SOUTH","Tamilnadu",""
"254","","Sulochna Enterprises, Neyveli_Area","Active","282","Sulochna Enterprises, Neyveli","0","active","6","SOUTH","Tamilnadu",""
"255","","Sree Vinayaga Agencies, Neyveli_Area","Active","283","Sree Vinayaga Agencies, Neyveli","0","active","6","SOUTH","Tamilnadu",""
"256","","J K Traders, Mayiladuthurai_Area","Active","284","J K Traders, Mayiladuthurai","0","active","6","SOUTH","Tamilnadu",""
"257","","Galaxy Marketing, Madurai_Area","Active","285","Galaxy Marketing, Madurai","0","active","6","SOUTH","Tamilnadu",""
"258","","Ayengaran Associates, Trichy_Area","Active","286","Ayengaran Associates, Trichy","0","active","6","SOUTH","Tamilnadu","206"
"259","","Sai Agency, Trichy_Area","Active","287","Sai Agency, Trichy","0","active","6","SOUTH","Tamilnadu","32"
"260","","S A Traders, Lalgudi_Area","Active","288","S A Traders, Lalgudi","0","active","6","SOUTH","Tamilnadu","47"
"261","","Vimala Stores, Pudukottai_Area","Active","289","Vimala Stores, Pudukottai","0","active","6","SOUTH","Tamilnadu","109"
"262","","Thilakam Agencies, Kulithalai_Area","Active","290","Thilakam Agencies, Kulithalai","0","active","6","SOUTH","Tamilnadu",""
"263","","Sree Saravana Agencies, Perambalur_Area","Active","291","Sree Saravana Agencies, Perambalur","0","active","6","SOUTH","Tamilnadu","22"
"264","","Sri Laksahmi Agencies, Tiruchirapalli_Area","Active","292","Sri Laksahmi Agencies, Tiruchirapalli","0","active","6","SOUTH","Tamilnadu","15"
"265","","Sri Balaji Medical Agencies, Manaparai_Area","Active","293","Sri Balaji Medical Agencies, Manaparai","0","active","6","SOUTH","Tamilnadu","17"
"266","","Mangai Agencies, Trichy_Area","Active","294","Mangai Agencies, Trichy","0","active","6","SOUTH","Tamilnadu",""
"267","","K V Agencies, Coimbatore_Area","Active","295","K V Agencies, Coimbatore","0","active","6","SOUTH","Tamilnadu",""
"268","","Swastik Traders, Erode_Area","Active","296","Swastik Traders, Erode","0","active","6","SOUTH","Tamilnadu","2071"
"269","","Shastivei Health Products, Chennimalai_Area","Active","297","Shastivei Health Products, Chennimalai","0","active","6","SOUTH","Tamilnadu","381"
"270","","S M Traders, Tiruppur_Area","Active","298","S M Traders, Tiruppur","0","active","6","SOUTH","Tamilnadu",""
"271","","Sri Lakshmi Stores, Tiruppur_Area","Active","299","Sri Lakshmi Stores, Tiruppur","0","active","6","SOUTH","Tamilnadu",""
"272","","Sun Sun Drugs, Tiruppur_Area","Active","300","Sun Sun Drugs, Tiruppur","0","active","6","SOUTH","Tamilnadu",""
"273","","Sri Ponkumaran Agencies, Erode_Area","Active","301","Sri Ponkumaran Agencies, Erode","0","active","6","SOUTH","Tamilnadu","103"
"274","","Sri Angu Mahalaxmi Agency, Gobichettipalayam_Area","Active","302","Sri Angu Mahalaxmi Agency, Gobichettipalayam","0","active","6","SOUTH","Tamilnadu","60"
"275","","Elixir Traders, Kavindapadi_Area","Active","303","Elixir Traders, Kavindapadi","0","active","6","SOUTH","Tamilnadu","77"
"276","","Kawin Agency, Komarapalayam_Area","Active","304","Kawin Agency, Komarapalayam","0","active","6","SOUTH","Tamilnadu","23"
"277","","Sun Medical Agencies. Sathyamangalam_Area","Active","305","Sun Medical Agencies. Sathyamangalam","0","active","6","SOUTH","Tamilnadu",""
"278","","Jeevana Agencies, Palliplayam_Area","Active","306","Jeevana Agencies, Palliplayam","0","active","6","SOUTH","Tamilnadu","133"
"279","","Sri Velava Agency, Namakkal_Area","Active","307","Sri Velava Agency, Namakkal","0","active","6","SOUTH","Tamilnadu",""
"280","","Mukesh Marketing, Coimbatore_Area","Active","308","Mukesh Marketing, Coimbatore","0","active","6","SOUTH","Tamilnadu",""
"281","","Ronak Marketing, Coimbatore_Area","Active","309","Ronak Marketing, Coimbatore","0","active","6","SOUTH","Tamilnadu",""
"282","","Mohan Kheda Marketing, Coimbatore_Area","Active","310","Mohan Kheda Marketing, Coimbatore","0","active","6","SOUTH","Tamilnadu",""
"283","","Dhandapani Agencies, Jallipatti_Area","Active","311","Dhandapani Agencies, Jallipatti","0","active","6","SOUTH","Tamilnadu",""
"284","","Moorthy SSSS Agencies, Udumalpet_Area","Active","312","Moorthy SSSS Agencies, Udumalpet","0","active","6","SOUTH","Tamilnadu",""
"285","","Sree Raam Agencies, Salem_Area","Active","313","Sree Raam Agencies, Salem","0","active","6","SOUTH","Tamilnadu","93"
"286","","Krishna Traders, Salem_Area","Active","314","Krishna Traders, Salem","0","active","6","SOUTH","Tamilnadu","18"
"287","","Namagiri Agency, Attur_Area","Active","315","Namagiri Agency, Attur","0","active","6","SOUTH","Tamilnadu","143"
"288","","Sri Ramar Agency, Attur_Area","Active","316","Sri Ramar Agency, Attur","0","active","6","SOUTH","Tamilnadu","7"
"289","","Global Pharma Distributor, Dharmapuri_Area","Active","317","Global Pharma Distributor, Dharmapuri","0","active","6","SOUTH","Tamilnadu","97"
"290","","Gopal Fancy, Dharmapuri_Area","Active","318","Gopal Fancy, Dharmapuri","0","active","6","SOUTH","Tamilnadu",""
"291","","M K Agencies, Kariyamangalam_Area","Active","319","M K Agencies, Kariyamangalam","0","active","6","SOUTH","Tamilnadu","49"
"292","","Sai Lakshmi Medicals, Hosur_Area","Active","320","Sai Lakshmi Medicals, Hosur","0","active","6","SOUTH","Tamilnadu","12"
"293","","Kuttiappa Agencies, Krishnagiri_Area","Active","321","Kuttiappa Agencies, Krishnagiri","0","active","6","SOUTH","Tamilnadu","56"
"294","","Sri Krishna Agencies, Kaveripattanam_Area","Active","322","Sri Krishna Agencies, Kaveripattanam","0","active","6","SOUTH","Tamilnadu","89"
"295","","Devi Agencies, Dharmapuri_Area","Active","323","Devi Agencies, Dharmapuri","0","active","6","SOUTH","Tamilnadu",""
"296","","S.K.Enterprises, Coimbatore_Area","Active","324","S.K.Enterprises, Coimbatore","0","active","6","SOUTH","Tamilnadu","62"
"297","","Siddharth Enterprises, Periyanaikenpalayam_Area","Active","325","Siddharth Enterprises, Periyanaikenpalayam","0","active","6","SOUTH","Tamilnadu","9"
"298","","Karukkuvel Traders, Avinashi_Area","Active","326","Karukkuvel Traders, Avinashi","0","active","6","SOUTH","Tamilnadu",""
"299","","Moorthi SSSS Agencies, Udumalpet_Area","Active","327","Moorthi SSSS Agencies, Udumalpet","0","active","6","SOUTH","Tamilnadu",""
"300","","Saraswathi Stores, Pollachi_Area","Active","328","Saraswathi Stores, Pollachi","0","active","6","SOUTH","Tamilnadu",""
"301","","Mukesh Marketing, Coimbatore_Area","Active","329","Mukesh Marketing, Coimbatore","0","active","6","SOUTH","Tamilnadu",""
"302","","Ronak Marketing, Coimbatore_Area","Active","330","Ronak Marketing, Coimbatore","0","active","6","SOUTH","Tamilnadu",""
"303","","Mohan Kheda Marketing, Coimbatore_Area","Active","331","Mohan Kheda Marketing, Coimbatore","0","active","6","SOUTH","Tamilnadu",""
"304","","Royal Agencies, Coimbatore_Area","Active","332","Royal Agencies, Coimbatore","0","active","6","SOUTH","Tamilnadu",""
"305","","Ramdev Generals, Coimbatore_Area","Active","333","Ramdev Generals, Coimbatore","0","active","6","SOUTH","Tamilnadu","57"
"306","","Avanthika Traders, Karur_Area","Active","334","Avanthika Traders, Karur","0","active","6","SOUTH","Tamilnadu","423"
"307","","Sri Vinayaka Agency, Namakkal_Area","Active","335","Sri Vinayaka Agency, Namakkal","0","active","6","SOUTH","Tamilnadu","279"
"308","","Sri Ganapathi Agencies, Rasipuram_Area","Active","336","Sri Ganapathi Agencies, Rasipuram","0","active","6","SOUTH","Tamilnadu","136"
"309","","S R B Shop, Karur_Area","Active","337","S R B Shop, Karur","0","active","6","SOUTH","Tamilnadu",""
"310","","G.V.R. Enterprises, Hyderbad_Area","Active","338","G.V.R. Enterprises, Hyderbad","0","active","6","SOUTH","Telangana","1833"
"311","","MAS Enterprises, Hyderbad_Area","Active","339","MAS Enterprises, Hyderbad","0","active","6","SOUTH","Telangana",""
"312","","S S Medical Distributors, Khammam_Area","Active","340","S S Medical Distributors, Khammam","0","active","6","SOUTH","Telangana",""
"313","","Pankaj Distributors, Kothaguden_Area","Active","341","Pankaj Distributors, Kothaguden","0","active","6","SOUTH","Telangana",""
"314","","Sri Shirdi Sai Enterprises, Khammam_Area","Active","342","Sri Shirdi Sai Enterprises, Khammam","0","active","6","SOUTH","Telangana",""
"315","","Manisai Pharma Surgicals, Nalgonda_Area","Active","343","Manisai Pharma Surgicals, Nalgonda","0","active","6","SOUTH","Telangana",""
"316","","Mataji Enterprises, Khammam_Area","Active","344","Mataji Enterprises, Khammam","0","active","6","SOUTH","Telangana",""
"317","","Hanuman Agencies, Suryapet_Area","Active","345","Hanuman Agencies, Suryapet","0","active","6","SOUTH","Telangana",""
"318","","Hari Medical Distributors, Nalgonda_Area","Active","346","Hari Medical Distributors, Nalgonda","0","active","6","SOUTH","Telangana",""
"319","","Laxmi Balaji Enterprises, Khammam_Area","Active","347","Laxmi Balaji Enterprises, Khammam","0","active","6","SOUTH","Telangana",""
"320","","SS Pharma And  Surgicals, Miryalaguda_Area","Active","348","SS Pharma And  Surgicals, Miryalaguda","0","active","6","SOUTH","Telangana",""
"321","","Taruni Health Pharmacy, Balapur_Area","Active","349","Taruni Health Pharmacy, Balapur","0","active","6","SOUTH","Telangana",""
"322","","Sree Vijaya Vijetha Vasavi Medical Corporation, Hyderbad_Area","Active","350","Sree Vijaya Vijetha Vasavi Medical Corporation, Hyderbad","0","active","6","SOUTH","Telangana",""
"323","","Rohini Enterprises, Amberpet_Area","Active","351","Rohini Enterprises, Amberpet","0","active","6","SOUTH","Telangana",""
"324","","Sree Nidhi Medical Agencies, Hyderbad_Area","Active","352","Sree Nidhi Medical Agencies, Hyderbad","0","active","6","SOUTH","Telangana",""
"325","","Smart Pharma, Karimnagar_Area","Active","353","Smart Pharma, Karimnagar","0","active","6","SOUTH","Telangana",""
"326","","Vinayaga Marketers, Karimnagar_Area","Active","354","Vinayaga Marketers, Karimnagar","0","active","6","SOUTH","Telangana",""
"327","","Sri Balaji Pharma, Vemulawada_Area","Active","355","Sri Balaji Pharma, Vemulawada","0","active","6","SOUTH","Telangana",""
"328","","Sri Matha Medical Agencies, Mancherial_Area","Active","356","Sri Matha Medical Agencies, Mancherial","0","active","6","SOUTH","Telangana",""
"329","","Sree Vinayaka Agencies, Nizambad_Area","Active","357","Sree Vinayaka Agencies, Nizambad","0","active","6","SOUTH","Telangana",""
"330","","Shri Medical Agencies, Nizambad_Area","Active","358","Shri Medical Agencies, Nizambad","0","active","6","SOUTH","Telangana",""
"331","","R R Traders, Nizambad_Area","Active","359","R R Traders, Nizambad","0","active","6","SOUTH","Telangana",""
"332","","Sarathi Agencies, Shadnagar_Area","Active","360","Sarathi Agencies, Shadnagar","0","active","6","SOUTH","Telangana",""
"333","","ZMR Agencies, Mahabubnagar_Area","Active","361","ZMR Agencies, Mahabubnagar","0","active","6","SOUTH","Telangana",""
"334","","S R Pharma, Secunderbad_Area","Active","362","S R Pharma, Secunderbad","0","active","6","SOUTH","Telangana",""
"335","","Test Area","Active","11","Test - Distributor","0","active","3","Test","Test- subzone","1"
"336","","Demo_Area","Inactive","219","Demo Distributor","0","active","8","Demo Zone","Demo Subzone","1"
"337","","Areastest1_210125","Active","95","Int_Distributor","0","active","7","Integration Zone","Integration Subzone","3"
"338","","Areastest2_310125","Active","95","Int_Distributor","0","active","7","Integration Zone","Integration Subzone",""
"339","","Areastest4_310125","Active","95","Int_Distributor","0","active","7","Integration Zone","Integration Subzone",""
"340","","Areastest5_010225","Active","95","Int_Distributor","0","active","7","Integration Zone","Integration Subzone","1"
"341","","Areastest6_180225","Active","95","Int_Distributor","0","active","7","Integration Zone","Integration Subzone","2"
